<Australia>
  <division status="Territory">
            <name abbr="ACT">Australian Capital Territory</name>
            <cap>Canberra</cap><area>2400</area><pop>308411</pop></division>
  <division status="State">
            <name abbr="NSW">New South Wales</name>
            <cap>Sydney</cap><area>801600</area><pop>6341594</pop></division>
  <division status="Territory">
            <name abbr="NT">Northern Territory</name>
            <cap>Darwin</cap><area>1346200</area><pop>189991</pop></division>
  <division status="State">
            <name abbr="QLD">Queensland</name>
            <cap>Brisbane</cap><area>1727200</area><pop>3456345</pop></division>
  <division status="State">
            <name abbr="SA">South Australia</name>
            <cap>Adelaide</cap><area>984000 </area><pop>1487294</pop></division>
  <division status="State">
            <name abbr="TAS">Tasmania</name>
            <cap>Hobart</cap><area>67800</area><pop>471885</pop></division>
  <division status="State">
            <name abbr="VIC">Victoria</name>
            <cap>Melbourne</cap><area>227600</area><pop>4660885</pop></division>
  <division status="State">
            <name abbr="WA">Western Australia</name>
            <cap>Perth</cap><area>2525500</area><pop>1831399</pop></division> 
</Australia>
