<?xml version="1.0"?>
<?xml-stylesheet href="BIBstyle.xsl" type="text/xsl"?>
<bibliography>
<book>
<author>North, Ken</author>  
<title>Database magic with Ken North</title>  
<address>Upper Saddle River, NJ</address>
<publisher>Prentice Hall</publisher>
<year>1999</year> 
<isbn>0136471994</isbn>
</book>

<book>
<author> Elmasri, Ramez, and Shamkant B. Navathe</author>
<title>Fundamentals of database systems</title> 
<address>Reading, Mass.</address>
<publisher>Addison-Wesley Pub Co</publisher>
<year>2000 </year>
<edition>3rd</edition>
<isbn>0201542633</isbn>
</book>


<book>
<author>Feiler, Jesse</author>  
<title>Database-driven Web sites</title>  
<address>San Francisco</address>
<publisher>Morgan Kaufmann</publisher>
<year>1999</year>
<isbn>0122513363</isbn>
</book>

<book>
<author>Ramakrishnan, Raghu</author>  
<title>Database management systems</title>  
<address>Boston, Mass.</address>
<publisher>WCB/McGraw-Hill</publisher>
<year>1998</year>
<isbn>0070507759</isbn>
</book>

<book>
<author>Kroenke, David M.</author> 
<title>Database processing: fundamentals, design, and implementation </title>  
<address>Upper Saddle River, N.J.</address>
<publisher>Prentice Hall</publisher>
<year>1999</year>
<edition>7th</edition> 
<isbn>0130848166</isbn>
</book>

<book>
<author>Connolly, Thomas M., and Carolyn E. Begg</author> 
<title>Database systems: a practical approach to design, implementation, and management</title>
<address>Harlow, England ; Reading, Mass.</address>
<publisher>Addison-Wesley</publisher>
<year>1999</year>
<edition>2nd</edition> 
<isbn>0201342871</isbn>
</book>

<book>
<author>Rob, Peter, and Carlos Coronel</author>  
<title>Database systems: design, implementation, and management</title>  
<address>Cambridge, MA</address>
<publisher>Course Technology</publisher>
<year>1997</year>
<edition>3rd</edition> 
<isbn>0760049041</isbn>
</book>

<book>
<author>Keyes, Jessica</author>  
<title>Datacasting: how to stream databases over the Internet</title>  
<address>New York</address>
<publisher>McGraw-Hill</publisher>
<year>1998</year>
<isbn>007034678X</isbn>
</book>

<book>
<author>Ullman, Jeffrey D., and Jennifer Widom</author>  
<title>A first course in database systems</title>  
<address>Upper Saddle River, N.J.</address>
<publisher>Prentice Hall</publisher>
<year>1997</year>
<isbn>0138613370</isbn>
</book>

<book>
<author>Soukup, Ron.</author>
<title>Inside Microsoft SQL server 6.5</title>  
<address>Redmond, Wash</address>
<publisher>Microsoft Press</publisher>
<year>1997</year>
<isbn>1572313315</isbn>
</book>

<book>
<author>Renaud, Paul E.</author>  
<title>Introduction to client/server systems: a practical guide for systems professionals</title>  
<address>New York</address>
<publisher>Wiley</publisher>
<year>1996</year>
<edition>2nd</edition>
<isbn>0471133337</isbn>
</book>

<book>
<author>Date, C. J.</author> 
<title>An introduction to database systems</title>  
<address>Reading, MA</address>
<publisher>Addison-Wesley</publisher>
<year>2000</year>
<edition>7th</edition> 
<isbn>0201385902</isbn>
</book>

<book>
<author>Gray, Peter M. D.</author>  
<title>Logic, algebra, and databases</title>  
<address>Chichester, West Sussex, England</address>
<publisher>E. Horwood ; ; New York : Distributor, Halsted Press</publisher>
<year>1984</year>
<isbn>0853128030</isbn>
</book>

<book>
<author>Applehans, Wayne, Alden Globe, and Greg Laugero</author>
<title>Managing knowledge: a practical web-based approach</title>  
<address>Reading, MA</address>
<publisher>Addison-Wesley</publisher>
<year>1999</year>
<isbn>020143315X</isbn>
</book>

<book>
<author>McFadden, Fred R., Jeffrey A. Hoffer, and Mary B. Prescott</author> 
<title>Modern database management</title>  
<address>Reading, Mass.; Harlow, England</address>
<publisher>Addison-Wesley</publisher>
<year>1999</year>
<edition>5th</edition> 
<isbn>0805360549</isbn>
</book>

<book>
<author>Ault, Michael R.</author> 
<title>Oracle 8 administration and management</title>  
<address>New York</address>
<publisher>Wiley</publisher>
<year>1998</year>
<isbn>0471192341</isbn>
</book>

<book>
<author>Martin, James</author>  
<title>Computer data-base organization</title>  
<address>Englewood Cliffs ; ; London</address>
<publisher>Prentice-Hall</publisher>
<year>1977</year>
<edition>2nd</edition> 
<isbn>0131654233</isbn>
</book>

<book>
<author>Ullman, Jeffrey D.</author> 
<title>Principles of database and knowledge-base systems</title>  
<address>Rockville, Md.</address>
<publisher>Computer Science Press</publisher>
<year>1988-1989</year>
<isbn>088175188X</isbn>
</book>

<book>
<author>Subrahmanian, V. S. </author> 
<title>Principles of multimedia database systems</title>  
<address>San Franciso, Calif.</address>
<publisher>Morgan Kaufmann Publishers</publisher>
<year>1998</year>
<isbn>1558604669</isbn>
</book>

<book>
<author>Bestavros, Azer,  Kwei-Jay Lin, Sang Hyuk Son, editors</author>
<title>Real-time database systems : issues and applications</title>
<address>Boston, MA</address>
<publisher>Kluwer Academic Press</publisher>
<year>1997</year>
<isbn>0792398971</isbn>
</book>

<book>
<author>Vijay Kumar and Meichun Hsu, editors</author>
<title>Recovery mechanisms in database systems</title>  
<address>Upper Saddle River, N.J.</address>
<publisher>Prentice Hall PTR</publisher>
<year>1999</year>
<isbn>013614215X</isbn>
</book>

<book>
<author>England, Ken,  and Nigel Stanley</author>  
<title>The SQL server handbook: a guide to Microsoft database computing</title>  
<address>Boston</address>
<publisher>Digital Press</publisher>
<year>1996</year> 
<isbn>1555581528</isbn>
</book>

<book>
<author>Wynkoop, Stephen.</author>
<title>Special edition using Microsoft SQL server 7.0</title>  
<address>Indianapolis, Ind.</address>
<publisher>Que</publisher>
<year>1999</year>
<isbn>0789715236</isbn>
</book>

<book>
<author>Gunderloy, Mike, and Mary Chipman</author>
<title>SQL server 7 in record time</title>  
<address>San Francisco</address>
<publisher>SYBEX Inc.</publisher>
<year>1999</year>
<isbn>0782121551</isbn>
</book>

<book>
<author>Mattison, Rob</author>
<title>Understanding database management systems</title>  
<address>New York</address>
<publisher>McGraw-Hill</publisher>
<year>1998</year>
<edition>2nd</edition> 
<isbn>0070499993</isbn>
</book>

<book>
<author>Papadimitriou, Christos H.</author>  
<title>The theory of database concurrency control</title>
<address>Rockville, Md</address>
<publisher>Computer Science Press</publisher>
<year>1986</year>
<isbn>0881750271</isbn>
</book>

<book>
<author>Chamberlin, D.D.</author>
<title>A Complete Guide to DB2 Universal Database</title>
<address>San Francisco, Calif</address>
<publisher>Morgan Kaufmann Publishers</publisher>
<year>1998</year>
<isbn>1558604820</isbn>
</book>

<book>
<title>Oracle8i: The Complete Reference</title>
<author>Loney, Kevin, and George Koch</author>
<year>2000</year>
<publisher>Osborne McGraw-Hill</publisher>
<isbn>0072123648</isbn>
</book>

<book>
<title>Readings in database systems</title>
<author>Michael Stonebraker, editor</author>
<year>1994</year>
<address>San Francisco, Calif</address>
<publisher>Morgan Kaufmann Publishers</publisher>
<edition>2nd</edition>
<isbn>1558602526</isbn>
</book>
</bibliography>
