<GEM>
<JealousyRecord>
   <Person>Sue</Person>
   <Job Earnings="peanuts">lecturer</Job>
   <Holiday>
      <Year>1996</Year>
      <City>Nairobi</City><Country>Kenya</Country></Holiday>
   <Holiday>
      <Year>1994</Year>
      <City>Paris</City><Country>France</Country></Holiday>
   <Holiday>
      <Year>1995</Year>
      <City>Acapulco</City><Country>Mexico</Country></Holiday>
</JealousyRecord>
<JealousyRecord>
   <Person>Bill</Person>
   <Job Earnings="heaps">plumber</Job>
   <Holiday>
      <Year>1995</Year>
      <City>Cairns</City><Country>Australia</Country></Holiday>
   <Holiday>
      <Year>1998</Year>
      <City>Acapulco</City><Country>Mexico</Country></Holiday>
   <Holiday>
      <Year>1999</Year>
      <City>Nairobi</City><Country>Kenya</Country></Holiday>
</JealousyRecord>
<JealousyRecord>
   <Person>Doug</Person>
   <Job Earnings="heaps">doctor</Job>
   <Holiday>
      <Year>1998</Year>
      <City>Hong Kong</City><Country>China</Country></Holiday>
   <Holiday>
      <Year>1997</Year>
      <City>Paris</City><Country>France</Country></Holiday>
</JealousyRecord>
</GEM>

