<?xml version="1.0"?>
<Phonebook>
	<Entry>
		<LastName Title="Miss">Edgar</LastName>
		<FirstName>Pam</FirstName>
		<School>Optometry</School>
		<Campus>GP</Campus>
		<Room>B501</Room>
		<Extension>5695</Extension>
	</Entry>
	<Entry>
		<LastName Title="Dr">Edmond</LastName>
		<FirstName>David</FirstName>
		<School>Information Systems</School>
		<Campus>GP</Campus>
		<Room>S842</Room>
		<Extension>2240</Extension>
	</Entry>
	<Entry>
		<LastName Title="Dr">Edmonds</LastName>
		<FirstName>Ian</FirstName>
		<School>Physical Sciences</School>
		<Campus>GP</Campus>
		<Room>M206</Room>
		<Extension>2584</Extension>
	</Entry>
</Phonebook>
