<?xml version="1.0" encoding="utf-8"?>
<row>
   <id>871</id>
   <item>1</item>
   <mark>80</mark>
   <weight>10</weight>
   <contrib>8</contrib>
</row>
<row>
   <id>862</id>
   <item>1</item>
   <mark>60</mark>
   <weight>10</weight>
   <contrib>6</contrib>
</row>
<row>
   <id>854</id>
   <item>1</item>
   <mark>70</mark>
   <weight>10</weight>
   <contrib>7</contrib>
</row>
<row>
   <id>872</id>
   <item>1</item>
   <mark>55</mark>
   <weight>10</weight>
   <contrib>5.5</contrib>
</row>
<row>
   <id>868</id>
   <item>1</item>
   <mark>90</mark>
   <weight>10</weight>
   <contrib>9</contrib>
</row>
<row>
   <id>869</id>
   <item>1</item>
   <mark>70</mark>
   <weight>10</weight>
   <contrib>7</contrib>
</row>
<row>
   <id>871</id>
   <item>2</item>
   <mark>70</mark>
   <weight>30</weight>
   <contrib>21</contrib>
</row>
<row>
   <id>869</id>
   <item>2</item>
   <mark>80</mark>
   <weight>30</weight>
   <contrib>24</contrib>
</row>
<row>
   <id>872</id>
   <item>2</item>
   <mark>65</mark>
   <weight>30</weight>
   <contrib>19.5</contrib>
</row>
<row>
   <id>862</id>
   <item>2</item>
   <mark>70</mark>
   <weight>30</weight>
   <contrib>21</contrib>
</row>
<row>
   <id>868</id>
   <item>2</item>
   <mark>75</mark>
   <weight>30</weight>
   <contrib>22.5</contrib>
</row>
<row>
   <id>869</id>
   <item>3</item>
   <mark>95</mark>
   <weight>60</weight>
   <contrib>57</contrib>
</row>
<row>
   <id>872</id>
   <item>3</item>
   <mark>45</mark>
   <weight>60</weight>
   <contrib>27</contrib>
</row>
<row>
   <id>862</id>
   <item>3</item>
   <mark>40</mark>
   <weight>60</weight>
   <contrib>24</contrib>
</row>
<row>
   <id>868</id>
   <item>3</item>
   <mark>50</mark>
   <weight>60</weight>
   <contrib>30</contrib>
</row>
<row>
   <id>871</id>
   <item>3</item>
   <mark>60</mark>
   <weight>60</weight>
   <contrib>36</contrib>
</row>
<row>
   <id>854</id>
   <item>3</item>
   <mark>65</mark>
   <weight>60</weight>
   <contrib>39</contrib>
</row>