<sdb>
<Students>
 <Student><Id>871</Id><First>Hans</First><Last>Zupp</Last></Student> 
 <Student><Id>862</Id><First>Bill</First><Last>Board </Last></Student>
 <Student><Id>869</Id><First>Rip</First><Last>Orff</Last></Student>
 <Student><Id>854</Id><First>Ann</First><Last>Dover</Last></Student>
 <Student><Id>831</Id><First>Hans</First><Last>Orff</Last></Student>
 <Student><Id>872</Id><First>Betty</First><Last>Kahn</Last></Student>
 <Student><Id>868</Id><First>Will</First><Last>Gambol</Last></Student>
</Students>

<Assessment>
 <AssItem><Item>1</Item><Title>JSP</Title>
  <Weight>10</Weight><Due>08-Sep-2005</Due></AssItem>
 <AssItem><Item>2</Item><Title>XML</Title>
  <Weight>30</Weight><Due>21-Oct-2005</Due></AssItem>
 <AssItem><Item>3</Item><Title>Exam</Title>
  <Weight>60</Weight></AssItem>
</Assessment>

<Results>
 <Result><Item>1</Item><Id>871</Id><Submitted>08-Sep-2005</Submitted>
  <Mark>80</Mark></Result>
 <Result><Item>1</Item><Id>862</Id><Submitted>07-Sep-2005</Submitted>
  <Mark>60</Mark></Result>
 <Result><Item>1</Item><Id>854</Id><Submitted>08-Sep-2005</Submitted>
  <Mark>70</Mark></Result>
 <Result><Item>1</Item><Id>872</Id><Submitted>10-Sep-2005</Submitted>
  <Mark>55</Mark></Result>
 <Result><Item>1</Item><Id>868</Id><Submitted>06-Sep-2005</Submitted>
  <Mark>90</Mark></Result>
 <Result><Item>1</Item><Id>869</Id><Submitted>09-Sep-2005</Submitted>
  <Mark>70</Mark></Result>
 <Result><Item>2</Item><Id>871</Id><Submitted>21-Oct-2005</Submitted>
  <Mark>70</Mark></Result>
 <Result><Item>2</Item><Id>869</Id><Submitted>22-Oct-2005</Submitted>
  <Mark>80</Mark></Result>
 <Result><Item>2</Item><Id>872</Id><Submitted>21-Oct-2005</Submitted>
  <Mark>65</Mark></Result>
 <Result><Item>2</Item><Id>862</Id><Submitted>22-Oct-2005</Submitted>
  <Mark>70</Mark></Result>
 <Result><Item>2</Item><Id>868</Id><Submitted>21-Oct-2005</Submitted>
  <Mark>75</Mark></Result>
 <Result><Item>3</Item><Id>869</Id><Mark>95</Mark></Result>
 <Result><Item>3</Item><Id>872</Id><Mark>45</Mark></Result>
 <Result><Item>3</Item><Id>862</Id><Mark>40</Mark></Result>
 <Result><Item>3</Item><Id>868</Id><Mark>50</Mark></Result>
 <Result><Item>3</Item><Id>871</Id><Mark>60</Mark></Result>
 <Result><Item>3</Item><Id>854</Id><Mark>65</Mark></Result>
</Results>
</sdb>
